"/data/i5O/i5OData/undercover-right/videos/20220418/123131.mp4", 7
"/data/i5O/i5OData/undercover-right/videos/20220418/123451.mp4", 13
"/data/i5O/i5OData/undercover-right/videos/20220418/125026.mp4", 20
"/data/i5O/i5OData/undercover-right/videos/20220418/193255.mp4", 20
"/data/i5O/i5OData/undercover-right/videos/20220418/200114.mp4", 6
"/data/i5O/i5OData/undercover-right/videos/20220418/201120.mp4", 14
"/data/i5O/i5OData/undercover-right/videos/20220418/202234.mp4", 9
"/data/i5O/i5OData/undercover-right/videos/20220418/204350.mp4", 8
"/data/i5O/i5OData/undercover-right/videos/20220418/205248.mp4", 20
"/data/i5O/i5OData/undercover-right/videos/20220418/215408.mp4", 9
"/data/i5O/i5OData/undercover-right/videos/20220418/221305.mp4", 5
"/data/i5O/i5OData/undercover-right/videos/20220419/073148.mp4", 6
"/data/i5O/i5OData/undercover-right/videos/20220419/091151.mp4", 13
"/data/i5O/i5OData/undercover-right/videos/20220419/141957.mp4", 17
"/data/i5O/i5OData/undercover-right/videos/20220419/175214.mp4", 1
"/data/i5O/i5OData/undercover-right/videos/20220419/182222.mp4", 1
"/data/i5O/i5OData/undercover-right/videos/20220419/184653.mp4", 17
"/data/i5O/i5OData/undercover-right/videos/20220419/190015.mp4", 2
"/data/i5O/i5OData/undercover-right/videos/20220419/191657.mp4", 9
"/data/i5O/i5OData/undercover-right/videos/20220419/193340.mp4", 15
"/data/i5O/i5OData/undercover-right/videos/20220419/203928.mp4", 9
"/data/i5O/i5OData/undercover-right/videos/20220419/222436.mp4", 18
"/data/i5O/i5OData/undercover-right/videos/20220419/225802.mp4", 16
"/data/i5O/i5OData/undercover-right/videos/20220419/231805.mp4", 19
"/data/i5O/i5OData/undercover-right/videos/20220420/063713.mp4", 9
"/data/i5O/i5OData/undercover-right/videos/20220420/063820.mp4", 14
"/data/i5O/i5OData/undercover-right/videos/20220420/064247.mp4", 8
"/data/i5O/i5OData/undercover-right/videos/20220420/065716.mp4", 15
"/data/i5O/i5OData/undercover-right/videos/20220420/071359.mp4", 18
"/data/i5O/i5OData/undercover-right/videos/20220420/072253.mp4", 18
"/data/i5O/i5OData/undercover-right/videos/20220420/073722.mp4", 1
"/data/i5O/i5OData/undercover-right/videos/20220420/083623.mp4", 12
"/data/i5O/i5OData/undercover-right/videos/20220420/084304.mp4", 13
"/data/i5O/i5OData/undercover-right/videos/20220420/084731.mp4", 19
"/data/i5O/i5OData/undercover-right/videos/20220420/092054.mp4", 2
"/data/i5O/i5OData/undercover-right/videos/20220420/094849.mp4", 11
"/data/i5O/i5OData/undercover-right/videos/20220420/101435.mp4", 13
"/data/i5O/i5OData/undercover-right/videos/20220420/101904.mp4", 16
"/data/i5O/i5OData/undercover-right/videos/20220420/105559.mp4", 19
"/data/i5O/i5OData/undercover-right/videos/20220420/110454.mp4", 3
"/data/i5O/i5OData/undercover-right/videos/20220420/110708.mp4", 7
"/data/i5O/i5OData/undercover-right/videos/20220420/111135.mp4", 20
"/data/i5O/i5OData/undercover-right/videos/20220420/122400.mp4", 10
"/data/i5O/i5OData/undercover-right/videos/20220420/123937.mp4", 4
"/data/i5O/i5OData/undercover-right/videos/20220420/124618.mp4", 4
"/data/i5O/i5OData/undercover-right/videos/20220420/131411.mp4", 6
"/data/i5O/i5OData/undercover-right/videos/20220420/131732.mp4", 8
"/data/i5O/i5OData/undercover-right/videos/20220420/135651.mp4", 12
"/data/i5O/i5OData/undercover-right/videos/20220420/141128.mp4", 4
"/data/i5O/i5OData/undercover-right/videos/20220420/141450.mp4", 15
"/data/i5O/i5OData/undercover-right/videos/20220420/141811.mp4", 6
"/data/i5O/i5OData/undercover-right/videos/20220420/142347.mp4", 12
"/data/i5O/i5OData/undercover-right/videos/20220420/144142.mp4", 12
"/data/i5O/i5OData/undercover-right/videos/20220420/145721.mp4", 16
"/data/i5O/i5OData/undercover-right/videos/20220420/145828.mp4", 5
"/data/i5O/i5OData/undercover-right/videos/20220420/150511.mp4", 18
"/data/i5O/i5OData/undercover-right/videos/20220420/151301.mp4", 15
"/data/i5O/i5OData/undercover-right/videos/20220420/151622.mp4", 20
"/data/i5O/i5OData/undercover-right/videos/20220420/170752.mp4", 10
"/data/i5O/i5OData/undercover-right/videos/20220420/172226.mp4", 20
"/data/i5O/i5OData/undercover-right/videos/20220420/173552.mp4", 8
"/data/i5O/i5OData/undercover-right/videos/20220420/173806.mp4", 12
"/data/i5O/i5OData/undercover-right/videos/20220420/174128.mp4", 19
"/data/i5O/i5OData/undercover-right/videos/20220420/182829.mp4", 10
"/data/i5O/i5OData/undercover-right/videos/20220420/192915.mp4", 18
"/data/i5O/i5OData/undercover-right/videos/20220420/193129.mp4", 8
"/data/i5O/i5OData/undercover-right/videos/20220420/195244.mp4", 12
"/data/i5O/i5OData/undercover-right/videos/20220420/195605.mp4", 3
"/data/i5O/i5OData/undercover-right/videos/20220420/195926.mp4", 17
"/data/i5O/i5OData/undercover-right/videos/20220420/201933.mp4", 16
"/data/i5O/i5OData/undercover-right/videos/20220420/203256.mp4", 15
"/data/i5O/i5OData/undercover-right/videos/20220420/205517.mp4", 12
"/data/i5O/i5OData/undercover-right/videos/20220420/215550.mp4", 2
"/data/i5O/i5OData/undercover-right/videos/20220420/220557.mp4", 6
"/data/i5O/i5OData/undercover-right/videos/20220420/220919.mp4", 17
"/data/i5O/i5OData/undercover-right/videos/20220420/222246.mp4", 19
"/data/i5O/i5OData/undercover-right/videos/20220420/222715.mp4", 2
"/data/i5O/i5OData/undercover-right/videos/20220420/223036.mp4", 19
"/data/i5O/i5OData/undercover-right/videos/20220420/223358.mp4", 19
"/data/i5O/i5OData/undercover-right/videos/20220420/224147.mp4", 12
"/data/i5O/i5OData/undercover-right/videos/20220420/224508.mp4", 2
"/data/i5O/i5OData/undercover-right/videos/20220420/224723.mp4", 16
"/data/i5O/i5OData/undercover-right/videos/20220420/225044.mp4", 15
"/data/i5O/i5OData/undercover-right/videos/20220420/230622.mp4", 1
"/data/i5O/i5OData/undercover-right/videos/20220420/231157.mp4", 19
"/data/i5O/i5OData/undercover-right/videos/20220421/064510.mp4", 7
"/data/i5O/i5OData/undercover-right/videos/20220421/070311.mp4", 12
"/data/i5O/i5OData/undercover-right/videos/20220421/071745.mp4", 19
"/data/i5O/i5OData/undercover-right/videos/20220421/072107.mp4", 18
"/data/i5O/i5OData/undercover-right/videos/20220421/074650.mp4", 6
"/data/i5O/i5OData/undercover-right/videos/20220421/075800.mp4", 20
"/data/i5O/i5OData/undercover-right/videos/20220421/080803.mp4", 18
"/data/i5O/i5OData/undercover-right/videos/20220421/081124.mp4", 20
"/data/i5O/i5OData/undercover-right/videos/20220421/081552.mp4", 14
"/data/i5O/i5OData/undercover-right/videos/20220421/082020.mp4", 14
"/data/i5O/i5OData/undercover-right/videos/20220421/082701.mp4", 16
"/data/i5O/i5OData/undercover-right/videos/20220421/083022.mp4", 13
"/data/i5O/i5OData/undercover-right/videos/20220421/093728.mp4", 18
"/data/i5O/i5OData/undercover-right/videos/20220421/093836.mp4", 7
"/data/i5O/i5OData/undercover-right/videos/20220421/094950.mp4", 7
"/data/i5O/i5OData/undercover-right/videos/20220421/095312.mp4", 12
"/data/i5O/i5OData/undercover-right/videos/20220421/095635.mp4", 11
"/data/i5O/i5OData/undercover-right/videos/20220421/101215.mp4", 3
"/data/i5O/i5OData/undercover-right/videos/20220421/103435.mp4", 10
"/data/i5O/i5OData/undercover-right/videos/20220421/105334.mp4", 7
"/data/i5O/i5OData/undercover-right/videos/20220421/105548.mp4", 17
"/data/i5O/i5OData/undercover-right/videos/20220421/111808.mp4", 20
"/data/i5O/i5OData/undercover-right/videos/20220421/122051.mp4", 5
"/data/i5O/i5OData/undercover-right/videos/20220421/124424.mp4", 16
"/data/i5O/i5OData/undercover-right/videos/20220421/130221.mp4", 7
"/data/i5O/i5OData/undercover-right/videos/20220421/132340.mp4", 11
"/data/i5O/i5OData/undercover-right/videos/20220421/133130.mp4", 13
"/data/i5O/i5OData/undercover-right/videos/20220421/145401.mp4", 4
"/data/i5O/i5OData/undercover-right/videos/20220421/171734.mp4", 4
"/data/i5O/i5OData/undercover-right/videos/20220421/172844.mp4", 8
"/data/i5O/i5OData/undercover-right/videos/20220421/173312.mp4", 16
"/data/i5O/i5OData/undercover-right/videos/20220421/180747.mp4", 1
"/data/i5O/i5OData/undercover-right/videos/20220421/180854.mp4", 5
"/data/i5O/i5OData/undercover-right/videos/20220421/182110.mp4", 1
"/data/i5O/i5OData/undercover-right/videos/20220421/194253.mp4", 7
"/data/i5O/i5OData/undercover-right/videos/20220421/195044.mp4", 5
"/data/i5O/i5OData/undercover-right/videos/20220421/203854.mp4", 15
"/data/i5O/i5OData/undercover-right/videos/20220421/204322.mp4", 12
"/data/i5O/i5OData/undercover-right/videos/20220421/204751.mp4", 3
"/data/i5O/i5OData/undercover-right/videos/20220421/205005.mp4", 5
"/data/i5O/i5OData/undercover-right/videos/20220422/065954.mp4", 8
"/data/i5O/i5OData/undercover-right/videos/20220422/072007.mp4", 11
"/data/i5O/i5OData/undercover-right/videos/20220422/083319.mp4", 13
"/data/i5O/i5OData/undercover-right/videos/20220422/084904.mp4", 8
"/data/i5O/i5OData/undercover-right/videos/20220422/094210.mp4", 14
"/data/i5O/i5OData/undercover-right/videos/20220422/103310.mp4", 1
"/data/i5O/i5OData/undercover-right/videos/20220422/104319.mp4", 1
"/data/i5O/i5OData/undercover-right/videos/20220422/104750.mp4", 6
"/data/i5O/i5OData/undercover-right/videos/20220422/110342.mp4", 3
"/data/i5O/i5OData/undercover-right/videos/20220422/122138.mp4", 9
"/data/i5O/i5OData/undercover-right/videos/20220422/122820.mp4", 16
"/data/i5O/i5OData/undercover-right/videos/20220422/122927.mp4", 13
"/data/i5O/i5OData/undercover-right/videos/20220422/123931.mp4", 20
"/data/i5O/i5OData/undercover-right/videos/20220422/124039.mp4", 8
"/data/i5O/i5OData/undercover-right/videos/20220422/130045.mp4", 8
"/data/i5O/i5OData/undercover-right/videos/20220422/130406.mp4", 9
"/data/i5O/i5OData/undercover-right/videos/20220422/135200.mp4", 16
"/data/i5O/i5OData/undercover-right/videos/20220422/140415.mp4", 12
"/data/i5O/i5OData/undercover-right/videos/20220422/181750.mp4", 4
"/data/i5O/i5OData/undercover-right/videos/20220422/181857.mp4", 9
"/data/i5O/i5OData/undercover-right/videos/20220422/183659.mp4", 8
"/data/i5O/i5OData/undercover-right/videos/20220422/185615.mp4", 12
"/data/i5O/i5OData/undercover-right/videos/20220422/185939.mp4", 12
"/data/i5O/i5OData/undercover-right/videos/20220422/200301.mp4", 15
"/data/i5O/i5OData/undercover-right/videos/20220422/200841.mp4", 8
"/data/i5O/i5OData/undercover-right/videos/20220422/201206.mp4", 12
"/data/i5O/i5OData/undercover-right/videos/20220422/201639.mp4", 6
"/data/i5O/i5OData/undercover-right/videos/20220422/202004.mp4", 15
"/data/i5O/i5OData/undercover-right/videos/20220422/202330.mp4", 19
"/data/i5O/i5OData/undercover-right/videos/20220422/203237.mp4", 4
"/data/i5O/i5OData/undercover-right/videos/20220422/203925.mp4", 9
"/data/i5O/i5OData/undercover-right/videos/20220422/204248.mp4", 18
"/data/i5O/i5OData/undercover-right/videos/20220422/204719.mp4", 2
"/data/i5O/i5OData/undercover-right/videos/20220422/205405.mp4", 6
"/data/i5O/i5OData/undercover-right/videos/20220422/215506.mp4", 3
"/data/i5O/i5OData/undercover-right/videos/20220422/224754.mp4", 13
"/data/i5O/i5OData/undercover-right/videos/20220422/225437.mp4", 3
"/data/i5O/i5OData/undercover-right/videos/20220422/231442.mp4", 9
"/data/i5O/i5OData/undercover-right/videos/20220422/232123.mp4", 20
"/data/i5O/i5OData/undercover-right/videos/20220422/233804.mp4", 5
"/data/i5O/i5OData/undercover-right/videos/20220422/234659.mp4", 1
"/data/i5O/i5OData/undercover-right/videos/20220425/072708.mp4", 17
"/data/i5O/i5OData/undercover-right/videos/20220425/073818.mp4", 6
"/data/i5O/i5OData/undercover-right/videos/20220425/073925.mp4", 19
"/data/i5O/i5OData/undercover-right/videos/20220425/080504.mp4", 16
"/data/i5O/i5OData/undercover-right/videos/20220425/082254.mp4", 20
"/data/i5O/i5OData/undercover-right/videos/20220425/090619.mp4", 6
"/data/i5O/i5OData/undercover-right/videos/20220425/092048.mp4", 17
"/data/i5O/i5OData/undercover-right/videos/20220425/095414.mp4", 3
"/data/i5O/i5OData/undercover-right/videos/20220425/104434.mp4", 14
"/data/i5O/i5OData/undercover-right/videos/20220425/104903.mp4", 10
"/data/i5O/i5OData/undercover-right/videos/20220425/110227.mp4", 10
"/data/i5O/i5OData/undercover-right/videos/20220425/111911.mp4", 10
"/data/i5O/i5OData/undercover-right/videos/20220425/121935.mp4", 18
"/data/i5O/i5OData/undercover-right/videos/20220425/122939.mp4", 7
"/data/i5O/i5OData/undercover-right/videos/20220425/135555.mp4", 1
"/data/i5O/i5OData/undercover-right/videos/20220425/140237.mp4", 6
"/data/i5O/i5OData/undercover-right/videos/20220425/142456.mp4", 20
"/data/i5O/i5OData/undercover-right/videos/20220425/143351.mp4", 6
"/data/i5O/i5OData/undercover-right/videos/20220425/143818.mp4", 7
"/data/i5O/i5OData/undercover-right/videos/20220425/145034.mp4", 11
"/data/i5O/i5OData/undercover-right/videos/20220425/145141.mp4", 14
"/data/i5O/i5OData/undercover-right/videos/20220425/151256.mp4", 2
"/data/i5O/i5OData/undercover-right/videos/20220425/172359.mp4", 20
"/data/i5O/i5OData/undercover-right/videos/20220425/172507.mp4", 1
"/data/i5O/i5OData/undercover-right/videos/20220425/173303.mp4", 15
"/data/i5O/i5OData/undercover-right/videos/20220425/173520.mp4", 16
"/data/i5O/i5OData/undercover-right/videos/20220425/174318.mp4", 8
"/data/i5O/i5OData/undercover-right/videos/20220425/184734.mp4", 12
"/data/i5O/i5OData/undercover-right/videos/20220425/185523.mp4", 12
"/data/i5O/i5OData/undercover-right/videos/20220425/185844.mp4", 9
"/data/i5O/i5OData/undercover-right/videos/20220425/192421.mp4", 18
"/data/i5O/i5OData/undercover-right/videos/20220425/193209.mp4", 20
"/data/i5O/i5OData/undercover-right/videos/20220425/204900.mp4", 5
"/data/i5O/i5OData/undercover-right/videos/20220425/205007.mp4", 9
"/data/i5O/i5OData/undercover-right/videos/20220425/205220.mp4", 13
"/data/i5O/i5OData/undercover-right/videos/20220425/214920.mp4", 10
"/data/i5O/i5OData/undercover-right/videos/20220425/221937.mp4", 12
"/data/i5O/i5OData/undercover-right/videos/20220425/224834.mp4", 19
"/data/i5O/i5OData/undercover-right/videos/20220425/225154.mp4", 10
"/data/i5O/i5OData/undercover-right/videos/20220425/225301.mp4", 7
"/data/i5O/i5OData/undercover-right/videos/20220425/225942.mp4", 15
"/data/i5O/i5OData/undercover-right/videos/20220425/230302.mp4", 4
"/data/i5O/i5OData/undercover-right/videos/20220425/231624.mp4", 5
"/data/i5O/i5OData/undercover-right/videos/20220425/233413.mp4", 7
"/data/i5O/i5OData/undercover-right/videos/20220426/064129.mp4", 15
"/data/i5O/i5OData/undercover-right/videos/20220426/065815.mp4", 4
"/data/i5O/i5OData/undercover-right/videos/20220426/065922.mp4", 14
"/data/i5O/i5OData/undercover-right/videos/20220426/070351.mp4", 4
"/data/i5O/i5OData/undercover-right/videos/20220426/071143.mp4", 4
"/data/i5O/i5OData/undercover-right/videos/20220426/071358.mp4", 15
"/data/i5O/i5OData/undercover-right/videos/20220426/072514.mp4", 6
"/data/i5O/i5OData/undercover-right/videos/20220426/072944.mp4", 19
"/data/i5O/i5OData/undercover-right/videos/20220426/073307.mp4", 15
"/data/i5O/i5OData/undercover-right/videos/20220426/073629.mp4", 17
"/data/i5O/i5OData/undercover-right/videos/20220426/073843.mp4", 11
"/data/i5O/i5OData/undercover-right/videos/20220426/073951.mp4", 20
"/data/i5O/i5OData/undercover-right/videos/20220426/075210.mp4", 5
"/data/i5O/i5OData/undercover-right/videos/20220426/080428.mp4", 19
"/data/i5O/i5OData/undercover-right/videos/20220426/081753.mp4", 4
"/data/i5O/i5OData/undercover-right/videos/20220426/082755.mp4", 2
"/data/i5O/i5OData/undercover-right/videos/20220426/083330.mp4", 14
"/data/i5O/i5OData/undercover-right/videos/20220426/083437.mp4", 4
"/data/i5O/i5OData/undercover-right/videos/20220426/084118.mp4", 20
"/data/i5O/i5OData/undercover-right/videos/20220426/093335.mp4", 5
"/data/i5O/i5OData/undercover-right/videos/20220426/093656.mp4", 9
"/data/i5O/i5OData/undercover-right/videos/20220426/100350.mp4", 3
"/data/i5O/i5OData/undercover-right/videos/20220426/100926.mp4", 19
"/data/i5O/i5OData/undercover-right/videos/20220426/101610.mp4", 17
"/data/i5O/i5OData/undercover-right/videos/20220426/101933.mp4", 10
"/data/i5O/i5OData/undercover-right/videos/20220426/102509.mp4", 20
"/data/i5O/i5OData/undercover-right/videos/20220426/104840.mp4", 14
"/data/i5O/i5OData/undercover-right/videos/20220426/111211.mp4", 13
"/data/i5O/i5OData/undercover-right/videos/20220426/111532.mp4", 12
"/data/i5O/i5OData/undercover-right/videos/20220426/112108.mp4", 14
"/data/i5O/i5OData/undercover-right/videos/20220426/112430.mp4", 15
"/data/i5O/i5OData/undercover-right/videos/20220426/122743.mp4", 7
"/data/i5O/i5OData/undercover-right/videos/20220426/124109.mp4", 7
"/data/i5O/i5OData/undercover-right/videos/20220426/124538.mp4", 20
"/data/i5O/i5OData/undercover-right/videos/20220426/125113.mp4", 9
"/data/i5O/i5OData/undercover-right/videos/20220426/130117.mp4", 14
"/data/i5O/i5OData/undercover-right/videos/20220426/130652.mp4", 1
"/data/i5O/i5OData/undercover-right/videos/20220426/131548.mp4", 17
"/data/i5O/i5OData/undercover-right/videos/20220426/135134.mp4", 5
"/data/i5O/i5OData/undercover-right/videos/20220426/135241.mp4", 8
"/data/i5O/i5OData/undercover-right/videos/20220426/140715.mp4", 7
"/data/i5O/i5OData/undercover-right/videos/20220426/141359.mp4", 9
"/data/i5O/i5OData/undercover-right/videos/20220427/224655.mp4", 7
"/data/i5O/i5OData/undercover-right/videos/20220427/225230.mp4", 1
"/data/i5O/i5OData/undercover-right/videos/20220427/225912.mp4", 15
"/data/i5O/i5OData/undercover-right/videos/20220427/231704.mp4", 1
"/data/i5O/i5OData/undercover-right/videos/20220427/232132.mp4", 16
"/data/i5O/i5OData/undercover-right/videos/20220427/234605.mp4", 5
"/data/i5O/i5OData/undercover-right/videos/20220513/094352.mp4", 16
"/data/i5O/i5OData/undercover-right/videos/20220513/100847.mp4", 12
"/data/i5O/i5OData/undercover-right/videos/20220513/101535.mp4", 19
"/data/i5O/i5OData/undercover-right/videos/20220513/104306.mp4", 19
"/data/i5O/i5OData/undercover-right/videos/20220513/110705.mp4", 3
"/data/i5O/i5OData/undercover-right/videos/20220513/124206.mp4", 7
"/data/i5O/i5OData/undercover-right/videos/20220513/151227.mp4", 17
"/data/i5O/i5OData/undercover-right/videos/20220513/154842.mp4", 12
"/data/i5O/i5OData/undercover-right/videos/20220513/160510.mp4", 3
"/data/i5O/i5OData/undercover-right/videos/20220513/171119.mp4", 17
"/data/i5O/i5OData/undercover-right/videos/20220516/081109.mp4", 11
"/data/i5O/i5OData/undercover-right/videos/20220516/083232.mp4", 4
"/data/i5O/i5OData/undercover-right/videos/20220516/083902.mp4", 19
"/data/i5O/i5OData/undercover-right/videos/20220516/084654.mp4", 5
"/data/i5O/i5OData/undercover-right/videos/20220516/101521.mp4", 8
"/data/i5O/i5OData/undercover-right/videos/20220516/103058.mp4", 3
"/data/i5O/i5OData/undercover-right/videos/20220516/111744.mp4", 7
"/data/i5O/i5OData/undercover-right/videos/20220516/111852.mp4", 17
"/data/i5O/i5OData/undercover-right/videos/20220516/142018.mp4", 16
"/data/i5O/i5OData/undercover-right/videos/20220516/143803.mp4", 16
"/data/i5O/i5OData/undercover-right/videos/20220517/084046.mp4", 18
"/data/i5O/i5OData/undercover-right/videos/20220517/091705.mp4", 6
"/data/i5O/i5OData/undercover-right/videos/20220517/094007.mp4", 19
"/data/i5O/i5OData/undercover-right/videos/20220517/105146.mp4", 3
"/data/i5O/i5OData/undercover-right/videos/20220517/112738.mp4", 9
"/data/i5O/i5OData/undercover-right/videos/20220517/121752.mp4", 14
"/data/i5O/i5OData/undercover-right/videos/20220517/135758.mp4", 15
"/data/i5O/i5OData/undercover-right/videos/20220517/141201.mp4", 14
"/data/i5O/i5OData/undercover-right/videos/20220517/141310.mp4", 3
"/data/i5O/i5OData/undercover-right/videos/20220517/142716.mp4", 6
"/data/i5O/i5OData/undercover-right/videos/20220517/153521.mp4", 3
"/data/i5O/i5OData/undercover-right/videos/20220525/064819.mp4", 2
"/data/i5O/i5OData/undercover-right/videos/20220525/071348.mp4", 14
"/data/i5O/i5OData/undercover-right/videos/20220525/071457.mp4", 3
"/data/i5O/i5OData/undercover-right/videos/20220525/093205.mp4", 19
"/data/i5O/i5OData/undercover-right/videos/20220525/095116.mp4", 3
"/data/i5O/i5OData/undercover-right/videos/20220525/112214.mp4", 20
"/data/i5O/i5OData/undercover-right/videos/20220525/121815.mp4", 2
"/data/i5O/i5OData/undercover-right/videos/20220525/122724.mp4", 9
"/data/i5O/i5OData/undercover-right/videos/20220525/131319.mp4", 3
"/data/i5O/i5OData/undercover-right/videos/20220525/135212.mp4", 16
"/data/i5O/i5OData/undercover-right/videos/20220606/064540.mp4", 8
"/data/i5O/i5OData/undercover-right/videos/20220606/072916.mp4", 12
"/data/i5O/i5OData/undercover-right/videos/20220606/084635.mp4", 5
"/data/i5O/i5OData/undercover-right/videos/20220606/091148.mp4", 9
"/data/i5O/i5OData/undercover-right/videos/20220606/103632.mp4", 11
"/data/i5O/i5OData/undercover-right/videos/20220606/104524.mp4", 15
"/data/i5O/i5OData/undercover-right/videos/20220606/121840.mp4", 14
"/data/i5O/i5OData/undercover-right/videos/20220606/123915.mp4", 20
"/data/i5O/i5OData/undercover-right/videos/20220606/125724.mp4", 7
"/data/i5O/i5OData/undercover-right/videos/20220606/131049.mp4", 20
"/data/i5O/i5OData/undercover-right/videos/20220606/131837.mp4", 17
"/data/i5O/i5OData/undercover-right/videos/20220607/064000.mp4", 10
"/data/i5O/i5OData/undercover-right/videos/20220607/072432.mp4", 15
"/data/i5O/i5OData/undercover-right/videos/20220607/074405.mp4", 14
"/data/i5O/i5OData/undercover-right/videos/20220607/075755.mp4", 7
"/data/i5O/i5OData/undercover-right/videos/20220607/081813.mp4", 3
"/data/i5O/i5OData/undercover-right/videos/20220607/084917.mp4", 18
"/data/i5O/i5OData/undercover-right/videos/20220607/092026.mp4", 2
"/data/i5O/i5OData/undercover-right/videos/20220607/094537.mp4", 15
"/data/i5O/i5OData/undercover-right/videos/20220607/100810.mp4", 18
"/data/i5O/i5OData/undercover-right/videos/20220607/102153.mp4", 13
"/data/i5O/i5OData/undercover-right/videos/20220608/080759.mp4", 8
"/data/i5O/i5OData/undercover-right/videos/20220608/104552.mp4", 8
"/data/i5O/i5OData/undercover-right/videos/20220608/110945.mp4", 9
"/data/i5O/i5OData/undercover-right/videos/20220608/112008.mp4", 9
"/data/i5O/i5OData/undercover-right/videos/20220608/112117.mp4", 3
"/data/i5O/i5OData/undercover-right/videos/20220608/123017.mp4", 18
"/data/i5O/i5OData/undercover-right/videos/20220608/125239.mp4", 20
"/data/i5O/i5OData/undercover-right/videos/20220608/131142.mp4", 6
"/data/i5O/i5OData/undercover-right/videos/20220608/135940.mp4", 8
"/data/i5O/i5OData/undercover-right/videos/20220608/144617.mp4", 5
"/data/i5O/i5OData/undercover-right/videos/20220608/170839.mp4", 14
"/data/i5O/i5OData/undercover-right/videos/20220613/064715.mp4", 8
"/data/i5O/i5OData/undercover-right/videos/20220613/073927.mp4", 6
"/data/i5O/i5OData/undercover-right/videos/20220613/075203.mp4", 13
"/data/i5O/i5OData/undercover-right/videos/20220613/082922.mp4", 13
"/data/i5O/i5OData/undercover-right/videos/20220613/091033.mp4", 2
"/data/i5O/i5OData/undercover-right/videos/20220613/111708.mp4", 16
"/data/i5O/i5OData/undercover-right/videos/20220613/124356.mp4", 13
"/data/i5O/i5OData/undercover-right/videos/20220613/125410.mp4", 11
"/data/i5O/i5OData/undercover-right/videos/20220613/135834.mp4", 7
"/data/i5O/i5OData/undercover-right/videos/20220613/142112.mp4", 10
"/data/i5O/i5OData/undercover-right/videos/20220613/151421.mp4", 17
"/data/i5O/i5OData/undercover-right/videos/20230315/065805.mp4", 20
"/data/i5O/i5OData/undercover-right/videos/20230315/080221.mp4", 9
"/data/i5O/i5OData/undercover-right/videos/20230315/080721.mp4", 18
"/data/i5O/i5OData/undercover-right/videos/20230315/084222.mp4", 11
"/data/i5O/i5OData/undercover-right/videos/20230315/150925.mp4", 12
"/data/i5O/i5OData/undercover-right/videos/20230315/154826.mp4", 17
"/data/i5O/i5OData/undercover-right/videos/20230315/192128.mp4", 1
"/data/i5O/i5OData/undercover-right/videos/20230315/215030.mp4", 17
"/data/i5O/i5OData/undercover-right/videos/20230315/221030.mp4", 8
"/data/i5O/i5OData/undercover-right/videos/20230315/234231.mp4", 12
"/data/i5O/i5OData/undercover-right/videos/20230316/012731.mp4", 7
"/data/i5O/i5OData/undercover-right/videos/20230316/015131.mp4", 6
"/data/i5O/i5OData/undercover-right/videos/20230316/073035.mp4", 1
"/data/i5O/i5OData/undercover-right/videos/20230316/084636.mp4", 9
"/data/i5O/i5OData/undercover-right/videos/20230316/093936.mp4", 4
"/data/i5O/i5OData/undercover-right/videos/20230316/100037.mp4", 3
"/data/i5O/i5OData/undercover-right/videos/20230316/100437.mp4", 14
"/data/i5O/i5OData/undercover-right/videos/20230316/102937.mp4", 6
"/data/i5O/i5OData/undercover-right/videos/20230320/070432.mp4", 16
"/data/i5O/i5OData/undercover-right/videos/20230320/071732.mp4", 18
"/data/i5O/i5OData/undercover-right/videos/20230320/075832.mp4", 3
"/data/i5O/i5OData/undercover-right/videos/20230320/092134.mp4", 17
"/data/i5O/i5OData/undercover-right/videos/20230320/100834.mp4", 15
"/data/i5O/i5OData/undercover-right/videos/20230320/122536.mp4", 20
"/data/i5O/i5OData/undercover-right/videos/20230320/125436.mp4", 9
"/data/i5O/i5OData/undercover-right/videos/20230320/130136.mp4", 10
"/data/i5O/i5OData/undercover-right/videos/20230320/131136.mp4", 12
"/data/i5O/i5OData/undercover-right/videos/20230320/131636.mp4", 4
"/data/i5O/i5OData/undercover-right/videos/20230320/141436.mp4", 19
"/data/i5O/i5OData/undercover-right/videos/20230320/144036.mp4", 6
"/data/i5O/i5OData/undercover-right/videos/20230320/153137.mp4", 20
"/data/i5O/i5OData/undercover-right/videos/20230320/160137.mp4", 1
"/data/i5O/i5OData/undercover-right/videos/20230320/161537.mp4", 2
"/data/i5O/i5OData/undercover-right/videos/20230320/161937.mp4", 7
"/data/i5O/i5OData/undercover-right/videos/20230320/165137.mp4", 5
"/data/i5O/i5OData/undercover-right/videos/20230320/171037.mp4", 15
"/data/i5O/i5OData/undercover-right/videos/20230320/172137.mp4", 11
"/data/i5O/i5OData/undercover-right/videos/20230320/175738.mp4", 11
"/data/i5O/i5OData/undercover-right/videos/20230320/185539.mp4", 8
"/data/i5O/i5OData/undercover-right/videos/20230320/191639.mp4", 7
"/data/i5O/i5OData/undercover-right/videos/20230320/195240.mp4", 13
"/data/i5O/i5OData/undercover-right/videos/20230320/203640.mp4", 20
"/data/i5O/i5OData/undercover-right/videos/20230323/070709.mp4", 4
"/data/i5O/i5OData/undercover-right/videos/20230323/080809.mp4", 5
"/data/i5O/i5OData/undercover-right/videos/20230323/090602.mp4", 6
"/data/i5O/i5OData/undercover-right/videos/20230323/091202.mp4", 7
"/data/i5O/i5OData/undercover-right/videos/20230323/095003.mp4", 3
"/data/i5O/i5OData/undercover-right/videos/20230323/101103.mp4", 6
"/data/i5O/i5OData/undercover-right/videos/20230323/101704.mp4", 14
"/data/i5O/i5OData/undercover-right/videos/20230323/103704.mp4", 11
"/data/i5O/i5OData/undercover-right/videos/20230328/000823.mp4", 13
"/data/i5O/i5OData/undercover-right/videos/20230328/003824.mp4", 13
"/data/i5O/i5OData/undercover-right/videos/20230328/010124.mp4", 16
"/data/i5O/i5OData/undercover-right/videos/20230328/073629.mp4", 19
"/data/i5O/i5OData/undercover-right/videos/20230328/080930.mp4", 8
"/data/i5O/i5OData/undercover-right/videos/20230328/083431.mp4", 1
"/data/i5O/i5OData/undercover-right/videos/20230328/085131.mp4", 6
"/data/i5O/i5OData/undercover-right/videos/20230328/091632.mp4", 4
"/data/i5O/i5OData/undercover-right/videos/20230328/092232.mp4", 6
"/data/i5O/i5OData/undercover-right/videos/20230328/092832.mp4", 17
"/data/i5O/i5OData/undercover-right/videos/20230328/112534.mp4", 18
"/data/i5O/i5OData/undercover-right/videos/20230328/131136.mp4", 17
"/data/i5O/i5OData/undercover-right/videos/20230328/144837.mp4", 15
"/data/i5O/i5OData/undercover-right/videos/20230328/174040.mp4", 15
"/data/i5O/i5OData/undercover-right/videos/20230328/175941.mp4", 4
"/data/i5O/i5OData/undercover-right/videos/20230328/182641.mp4", 9
"/data/i5O/i5OData/undercover-right/videos/20230328/202243.mp4", 17
"/data/i5O/i5OData/undercover-right/videos/20230328/202743.mp4", 12
"/data/i5O/i5OData/undercover-right/videos/20230328/203143.mp4", 15
"/data/i5O/i5OData/undercover-right/videos/20230328/220302.mp4", 12
"/data/i5O/i5OData/undercover-right/videos/20230328/233304.mp4", 8
"/data/i5O/i5OData/undercover-right/videos/20230403/083654.mp4", 17
"/data/i5O/i5OData/undercover-right/videos/20230403/084354.mp4", 16
"/data/i5O/i5OData/undercover-right/videos/20230403/090654.mp4", 17
"/data/i5O/i5OData/undercover-right/videos/20230403/091755.mp4", 5
"/data/i5O/i5OData/undercover-right/videos/20230403/095356.mp4", 17
"/data/i5O/i5OData/undercover-right/videos/20230403/100156.mp4", 7
"/data/i5O/i5OData/undercover-right/videos/20230403/101757.mp4", 10
"/data/i5O/i5OData/undercover-right/videos/20230403/102157.mp4", 16
"/data/i5O/i5OData/undercover-right/videos/20230403/105158.mp4", 15
"/data/i5O/i5OData/undercover-right/videos/20230406/092341.mp4", 4
"/data/i5O/i5OData/undercover-right/videos/20230406/093041.mp4", 19
"/data/i5O/i5OData/undercover-right/videos/20230406/100242.mp4", 15
"/data/i5O/i5OData/undercover-right/videos/20230406/102442.mp4", 5
"/data/i5O/i5OData/undercover-right/videos/20230406/104543.mp4", 2
"/data/i5O/i5OData/undercover-right/videos/20230406/111444.mp4", 12
"/data/i5O/i5OData/undercover-right/videos/20230406/121545.mp4", 16
"/data/i5O/i5OData/undercover-right/videos/20230406/122746.mp4", 10
"/data/i5O/i5OData/undercover-right/videos/20230406/123546.mp4", 5
"/data/i5O/i5OData/undercover-right/videos/20230406/130647.mp4", 18
"/data/i5O/i5OData/undercover-left/videos/20220516/131009.mp4", 3
"/data/i5O/i5OData/undercover-left/videos/20220516/132052.mp4", 2
"/data/i5O/i5OData/undercover-left/videos/20220516/132513.mp4", 14
"/data/i5O/i5OData/undercover-left/videos/20220516/112059.mp4", 16
"/data/i5O/i5OData/undercover-left/videos/20220516/095913.mp4", 16
"/data/i5O/i5OData/undercover-left/videos/20220516/125345.mp4", 7
"/data/i5O/i5OData/undercover-left/videos/20220516/091945.mp4", 19
"/data/i5O/i5OData/undercover-left/videos/20220516/172239.mp4", 4
"/data/i5O/i5OData/undercover-left/videos/20220516/091836.mp4", 16
"/data/i5O/i5OData/undercover-left/videos/20220516/075508.mp4", 16
"/data/i5O/i5OData/undercover-left/videos/20220413/201348.mp4", 12
"/data/i5O/i5OData/undercover-left/videos/20220413/192904.mp4", 20
"/data/i5O/i5OData/undercover-left/videos/20220413/202031.mp4", 13
"/data/i5O/i5OData/undercover-left/videos/20220413/194804.mp4", 9
"/data/i5O/i5OData/undercover-left/videos/20220413/202245.mp4", 15
"/data/i5O/i5OData/undercover-left/videos/20220413/184846.mp4", 18
"/data/i5O/i5OData/undercover-left/videos/20220413/202714.mp4", 8
"/data/i5O/i5OData/undercover-left/videos/20220413/185314.mp4", 19
"/data/i5O/i5OData/undercover-left/videos/20220413/201924.mp4", 10
"/data/i5O/i5OData/undercover-left/videos/20220413/182837.mp4", 6
"/data/i5O/i5OData/undercover-left/videos/20220413/174243.mp4", 17
"/data/i5O/i5OData/undercover-left/videos/20220413/180614.mp4", 7
"/data/i5O/i5OData/undercover-left/videos/20220413/173024.mp4", 20
"/data/i5O/i5OData/undercover-left/videos/20220413/140812.mp4", 8
"/data/i5O/i5OData/undercover-left/videos/20220413/144609.mp4", 5
"/data/i5O/i5OData/undercover-left/videos/20220413/131439.mp4", 1
"/data/i5O/i5OData/undercover-left/videos/20220413/110044.mp4", 18
"/data/i5O/i5OData/undercover-left/videos/20220413/151043.mp4", 13
"/data/i5O/i5OData/undercover-left/videos/20220413/131546.mp4", 3
"/data/i5O/i5OData/undercover-left/videos/20220413/123749.mp4", 14
"/data/i5O/i5OData/undercover-left/videos/20220413/092656.mp4", 19
"/data/i5O/i5OData/undercover-left/videos/20220413/144930.mp4", 19
"/data/i5O/i5OData/undercover-left/videos/20220413/124431.mp4", 16
"/data/i5O/i5OData/undercover-left/videos/20220413/144502.mp4", 14
"/data/i5O/i5OData/undercover-left/videos/20220413/101925.mp4", 15
"/data/i5O/i5OData/undercover-left/videos/20220413/104720.mp4", 3
"/data/i5O/i5OData/undercover-left/videos/20220413/102928.mp4", 1
"/data/i5O/i5OData/undercover-left/videos/20220413/122105.mp4", 19
"/data/i5O/i5OData/undercover-left/videos/20220413/094702.mp4", 13
"/data/i5O/i5OData/undercover-left/videos/20220413/091652.mp4", 6
"/data/i5O/i5OData/undercover-left/videos/20220413/072342.mp4", 6
"/data/i5O/i5OData/undercover-left/videos/20220413/083635.mp4", 10
"/data/i5O/i5OData/undercover-left/videos/20220413/071658.mp4", 16
"/data/i5O/i5OData/undercover-left/videos/20220413/085216.mp4", 14
"/data/i5O/i5OData/undercover-left/videos/20220413/074502.mp4", 8
"/data/i5O/i5OData/undercover-left/videos/20220413/234033.mp4", 16
"/data/i5O/i5OData/undercover-left/videos/20220413/233926.mp4", 15
"/data/i5O/i5OData/undercover-left/videos/20220413/222435.mp4", 11
"/data/i5O/i5OData/undercover-left/videos/20220413/222007.mp4", 12
"/data/i5O/i5OData/undercover-left/videos/20220413/221753.mp4", 5
"/data/i5O/i5OData/undercover-left/videos/20220413/223907.mp4", 12
"/data/i5O/i5OData/undercover-left/videos/20220413/205042.mp4", 2
"/data/i5O/i5OData/undercover-left/videos/20220413/222114.mp4", 16
"/data/i5O/i5OData/undercover-left/videos/20220413/204935.mp4", 10
"/data/i5O/i5OData/undercover-left/videos/20220413/220322.mp4", 16
"/data/i5O/i5OData/undercover-left/videos/20220415/073910.mp4", 13
"/data/i5O/i5OData/undercover-left/videos/20220415/064832.mp4", 20
"/data/i5O/i5OData/undercover-left/videos/20220415/064510.mp4", 12
"/data/i5O/i5OData/undercover-left/videos/20220415/073116.mp4", 10
"/data/i5O/i5OData/undercover-left/videos/20220415/202300.mp4", 10
"/data/i5O/i5OData/undercover-left/videos/20220415/230528.mp4", 18
"/data/i5O/i5OData/undercover-left/videos/20220415/215507.mp4", 6
"/data/i5O/i5OData/undercover-left/videos/20220415/194628.mp4", 17
"/data/i5O/i5OData/undercover-left/videos/20220415/194302.mp4", 6
"/data/i5O/i5OData/undercover-left/videos/20220415/205129.mp4", 18
"/data/i5O/i5OData/undercover-left/videos/20220415/185447.mp4", 15
"/data/i5O/i5OData/undercover-left/videos/20220415/204656.mp4", 3
"/data/i5O/i5OData/undercover-left/videos/20220415/183734.mp4", 20
"/data/i5O/i5OData/undercover-left/videos/20220415/191749.mp4", 3
"/data/i5O/i5OData/undercover-left/videos/20220415/181001.mp4", 17
"/data/i5O/i5OData/undercover-left/videos/20220415/185556.mp4", 14
"/data/i5O/i5OData/undercover-left/videos/20220415/193025.mp4", 20
"/data/i5O/i5OData/undercover-left/videos/20220415/193500.mp4", 7
"/data/i5O/i5OData/undercover-left/videos/20220415/180158.mp4", 5
"/data/i5O/i5OData/undercover-left/videos/20220415/185121.mp4", 20
"/data/i5O/i5OData/undercover-left/videos/20220415/175139.mp4", 5
"/data/i5O/i5OData/undercover-left/videos/20220415/112117.mp4", 10
"/data/i5O/i5OData/undercover-left/videos/20220415/171451.mp4", 4
"/data/i5O/i5OData/undercover-left/videos/20220415/182128.mp4", 16
"/data/i5O/i5OData/undercover-left/videos/20220415/171927.mp4", 13
"/data/i5O/i5OData/undercover-left/videos/20220415/170906.mp4", 13
"/data/i5O/i5OData/undercover-left/videos/20220415/123412.mp4", 10
"/data/i5O/i5OData/undercover-left/videos/20220415/131009.mp4", 3
"/data/i5O/i5OData/undercover-left/videos/20220415/144301.mp4", 11
"/data/i5O/i5OData/undercover-left/videos/20220415/110949.mp4", 9
"/data/i5O/i5OData/undercover-left/videos/20220415/103102.mp4", 9
"/data/i5O/i5OData/undercover-left/videos/20220415/105933.mp4", 5
"/data/i5O/i5OData/undercover-left/videos/20220415/105025.mp4", 11
"/data/i5O/i5OData/undercover-left/videos/20220415/084541.mp4", 2
"/data/i5O/i5OData/undercover-left/videos/20220415/100454.mp4", 6
"/data/i5O/i5OData/undercover-left/videos/20220415/075349.mp4", 7
"/data/i5O/i5OData/undercover-left/videos/20220415/082415.mp4", 10
"/data/i5O/i5OData/undercover-left/videos/20220415/074556.mp4", 18
"/data/i5O/i5OData/undercover-left/videos/20220415/094426.mp4", 14
"/data/i5O/i5OData/undercover-left/videos/20220415/072431.mp4", 15
"/data/i5O/i5OData/undercover-left/videos/20220414/141252.mp4", 20
"/data/i5O/i5OData/undercover-left/videos/20220414/133129.mp4", 3
"/data/i5O/i5OData/undercover-left/videos/20220414/151423.mp4", 19
"/data/i5O/i5OData/undercover-left/videos/20220414/112123.mp4", 11
"/data/i5O/i5OData/undercover-left/videos/20220414/230448.mp4", 19
"/data/i5O/i5OData/undercover-left/videos/20220414/112015.mp4", 3
"/data/i5O/i5OData/undercover-left/videos/20220414/072638.mp4", 1
"/data/i5O/i5OData/undercover-left/videos/20220414/122520.mp4", 11
"/data/i5O/i5OData/undercover-left/videos/20220414/101617.mp4", 7
"/data/i5O/i5OData/undercover-left/videos/20220414/081926.mp4", 12
"/data/i5O/i5OData/undercover-left/videos/20220414/132339.mp4", 5
"/data/i5O/i5OData/undercover-left/videos/20220414/080705.mp4", 18
"/data/i5O/i5OData/undercover-left/videos/20220414/070303.mp4", 13
"/data/i5O/i5OData/undercover-left/videos/20220414/070156.mp4", 2
"/data/i5O/i5OData/undercover-left/videos/20220414/075912.mp4", 3
"/data/i5O/i5OData/undercover-left/videos/20220414/191740.mp4", 8
"/data/i5O/i5OData/undercover-left/videos/20220414/110433.mp4", 8
"/data/i5O/i5OData/undercover-left/videos/20220414/104958.mp4", 14
"/data/i5O/i5OData/undercover-left/videos/20220414/203917.mp4", 19
"/data/i5O/i5OData/undercover-left/videos/20220414/201440.mp4", 15
"/data/i5O/i5OData/undercover-left/videos/20220414/215314.mp4", 1
"/data/i5O/i5OData/undercover-left/videos/20220414/193212.mp4", 10
"/data/i5O/i5OData/undercover-left/videos/20220414/201909.mp4", 11
"/data/i5O/i5OData/undercover-left/videos/20220414/192637.mp4", 4
"/data/i5O/i5OData/undercover-left/videos/20220414/195112.mp4", 4
"/data/i5O/i5OData/undercover-left/videos/20220414/193319.mp4", 10
"/data/i5O/i5OData/undercover-left/videos/20220414/232817.mp4", 8
"/data/i5O/i5OData/undercover-left/videos/20220414/221749.mp4", 15
"/data/i5O/i5OData/undercover-left/videos/20220414/200905.mp4", 11
"/data/i5O/i5OData/undercover-left/videos/20220414/174246.mp4", 5
"/data/i5O/i5OData/undercover-left/videos/20220414/214952.mp4", 20
"/data/i5O/i5OData/undercover-left/videos/20220414/220103.mp4", 6
"/data/i5O/i5OData/undercover-left/videos/20220414/225551.mp4", 3
"/data/i5O/i5OData/undercover-left/videos/20220414/224909.mp4", 10
"/data/i5O/i5OData/undercover-left/videos/20220414/133558.mp4", 14
"/data/i5O/i5OData/undercover-left/videos/20220414/145736.mp4", 14
"/data/i5O/i5OData/undercover-left/videos/20220414/142150.mp4", 3
"/data/i5O/i5OData/undercover-left/videos/20220414/141935.mp4", 2
"/data/i5O/i5OData/undercover-left/videos/20230403/081652.mp4", 8
"/data/i5O/i5OData/undercover-left/videos/20230403/164502.mp4", 11
"/data/i5O/i5OData/undercover-left/videos/20230403/065651.mp4", 8
"/data/i5O/i5OData/undercover-left/videos/20230403/132859.mp4", 13
"/data/i5O/i5OData/undercover-left/videos/20230403/101455.mp4", 3
"/data/i5O/i5OData/undercover-left/videos/20220912/091714.mp4", 4
"/data/i5O/i5OData/undercover-left/videos/20220912/140807.mp4", 8
"/data/i5O/i5OData/undercover-left/videos/20220912/153701.mp4", 12
"/data/i5O/i5OData/undercover-left/videos/20220912/170743.mp4", 4
"/data/i5O/i5OData/undercover-left/videos/20220912/165020.mp4", 15
"/data/i5O/i5OData/undercover-left/videos/20220912/175810.mp4", 2
"/data/i5O/i5OData/undercover-left/videos/20220912/092409.mp4", 1
"/data/i5O/i5OData/undercover-left/videos/20220912/124226.mp4", 9
"/data/i5O/i5OData/undercover-left/videos/20220912/150813.mp4", 20
"/data/i5O/i5OData/undercover-left/videos/20220912/171407.mp4", 20
"/data/i5O/i5OData/undercover-left/videos/20220912/175450.mp4", 16
"/data/i5O/i5OData/undercover-left/videos/20230328/070031.mp4", 2
"/data/i5O/i5OData/undercover-left/videos/20230328/111936.mp4", 13
"/data/i5O/i5OData/undercover-left/videos/20230328/000725.mp4", 7
"/data/i5O/i5OData/undercover-left/videos/20230328/081432.mp4", 15
"/data/i5O/i5OData/undercover-left/videos/20230328/091634.mp4", 3
"/data/i5O/i5OData/undercover-left/videos/20230328/065230.mp4", 20
"/data/i5O/i5OData/undercover-left/videos/20230328/000324.mp4", 13
"/data/i5O/i5OData/undercover-left/videos/20230328/001025.mp4", 14
"/data/i5O/i5OData/undercover-left/videos/20230328/084033.mp4", 9
"/data/i5O/i5OData/undercover-left/videos/20230328/105636.mp4", 4
"/data/i5O/i5OData/undercover-left/videos/20220607/132656.mp4", 1
"/data/i5O/i5OData/undercover-left/videos/20220607/143941.mp4", 3
"/data/i5O/i5OData/undercover-left/videos/20220607/153255.mp4", 15
"/data/i5O/i5OData/undercover-left/videos/20220607/172246.mp4", 7
"/data/i5O/i5OData/undercover-left/videos/20220607/124724.mp4", 7
"/data/i5O/i5OData/undercover-left/videos/20220607/130524.mp4", 11
"/data/i5O/i5OData/undercover-left/videos/20220607/122913.mp4", 20
"/data/i5O/i5OData/undercover-left/videos/20220607/094852.mp4", 12
"/data/i5O/i5OData/undercover-left/videos/20220607/122238.mp4", 10
"/data/i5O/i5OData/undercover-left/videos/20220607/093519.mp4", 1
"/data/i5O/i5OData/undercover-left/videos/20230317/123348.mp4", 12
"/data/i5O/i5OData/undercover-left/videos/20230317/083946.mp4", 11
"/data/i5O/i5OData/undercover-left/videos/20230317/100847.mp4", 1
"/data/i5O/i5OData/undercover-left/videos/20230317/112648.mp4", 18
"/data/i5O/i5OData/undercover-left/videos/20230317/081546.mp4", 6
"/data/i5O/i5OData/undercover-left/videos/20230317/124348.mp4", 14
"/data/i5O/i5OData/undercover-left/videos/20230317/102647.mp4", 1
"/data/i5O/i5OData/undercover-left/videos/20230317/080845.mp4", 14
"/data/i5O/i5OData/undercover-left/videos/20230317/090546.mp4", 15
"/data/i5O/i5OData/undercover-left/videos/20230317/104648.mp4", 18
"/data/i5O/i5OData/undercover-left/videos/20230317/094247.mp4", 12
"/data/i5O/i5OData/undercover-left/videos/20230322/162547.mp4", 17
"/data/i5O/i5OData/undercover-left/videos/20230322/164848.mp4", 2
"/data/i5O/i5OData/undercover-left/videos/20230322/132846.mp4", 11
"/data/i5O/i5OData/undercover-left/videos/20230322/185749.mp4", 16
"/data/i5O/i5OData/undercover-left/videos/20230322/071644.mp4", 12
"/data/i5O/i5OData/undercover-left/videos/20220613/170917.mp4", 17
"/data/i5O/i5OData/undercover-left/videos/20220613/171350.mp4", 13
"/data/i5O/i5OData/undercover-left/videos/20220613/101028.mp4", 12
"/data/i5O/i5OData/undercover-left/videos/20220613/175758.mp4", 15
"/data/i5O/i5OData/undercover-left/videos/20220613/135724.mp4", 2
"/data/i5O/i5OData/undercover-left/videos/20220613/150628.mp4", 19
"/data/i5O/i5OData/undercover-left/videos/20220613/125410.mp4", 11
"/data/i5O/i5OData/undercover-left/videos/20220613/140733.mp4", 6
"/data/i5O/i5OData/undercover-left/videos/20220613/091033.mp4", 5
"/data/i5O/i5OData/undercover-left/videos/20220613/093400.mp4", 2
"/data/i5O/i5OData/undercover-left/videos/20220613/095807.mp4", 11
"/data/i5O/i5OData/undercover-left/videos/20230417/221118.mp4", 5
"/data/i5O/i5OData/undercover-left/videos/20230417/182849.mp4", 4
"/data/i5O/i5OData/undercover-left/videos/20230417/191856.mp4", 11
"/data/i5O/i5OData/undercover-left/videos/20230417/175945.mp4", 6
"/data/i5O/i5OData/undercover-left/videos/20230417/125519.mp4", 11
"/data/i5O/i5OData/undercover-left/videos/20230417/101701.mp4", 20
"/data/i5O/i5OData/undercover-left/videos/20230417/071823.mp4", 10
"/data/i5O/i5OData/undercover-left/videos/20230417/074726.mp4", 14
"/data/i5O/i5OData/undercover-left/videos/20220727/144233.mp4", 10
"/data/i5O/i5OData/undercover-left/videos/20220727/083824.mp4", 12
"/data/i5O/i5OData/undercover-left/videos/20220727/074358.mp4", 7
"/data/i5O/i5OData/undercover-left/videos/20220727/130719.mp4", 11
"/data/i5O/i5OData/undercover-left/videos/20220727/080438.mp4", 1
"/data/i5O/i5OData/undercover-left/videos/20220727/162454.mp4", 19
"/data/i5O/i5OData/undercover-left/videos/20220727/084940.mp4", 12
"/data/i5O/i5OData/undercover-left/videos/20220727/151552.mp4", 3
"/data/i5O/i5OData/undercover-left/videos/20220727/075132.mp4", 15
"/data/i5O/i5OData/undercover-left/videos/20220727/124037.mp4", 4
"/data/i5O/i5OData/undercover-left/videos/20220727/064739.mp4", 9
"/data/i5O/i5OData/undercover-left/videos/20220727/000831.mp4", 4
"/data/i5O/i5OData/undercover-left/videos/20220727/065124.mp4", 3
"/data/i5O/i5OData/undercover-left/videos/20220727/072124.mp4", 16
"/data/i5O/i5OData/undercover-left/videos/20220525/171922.mp4", 1
"/data/i5O/i5OData/undercover-left/videos/20220525/130053.mp4", 19
"/data/i5O/i5OData/undercover-left/videos/20220525/133710.mp4", 8
"/data/i5O/i5OData/undercover-left/videos/20220525/154324.mp4", 20
"/data/i5O/i5OData/undercover-left/videos/20220525/101353.mp4", 16
"/data/i5O/i5OData/undercover-left/videos/20220525/135320.mp4", 10
"/data/i5O/i5OData/undercover-left/videos/20220525/102617.mp4", 2
"/data/i5O/i5OData/undercover-left/videos/20220525/102511.mp4", 20
"/data/i5O/i5OData/undercover-left/videos/20220525/121815.mp4", 16
"/data/i5O/i5OData/undercover-left/videos/20220525/123836.mp4", 14
"/data/i5O/i5OData/undercover-left/videos/20220608/111053.mp4", 16
"/data/i5O/i5OData/undercover-left/videos/20220608/094335.mp4", 10
"/data/i5O/i5OData/undercover-left/videos/20220608/085414.mp4", 10
"/data/i5O/i5OData/undercover-left/videos/20220608/091837.mp4", 17
"/data/i5O/i5OData/undercover-left/videos/20220608/091041.mp4", 13
"/data/i5O/i5OData/undercover-left/videos/20220608/101223.mp4", 17
"/data/i5O/i5OData/undercover-left/videos/20220608/175044.mp4", 19
"/data/i5O/i5OData/undercover-left/videos/20220608/181014.mp4", 9
"/data/i5O/i5OData/undercover-left/videos/20220608/174723.mp4", 9
"/data/i5O/i5OData/undercover-left/videos/20220608/123653.mp4", 17
"/data/i5O/i5OData/undercover-left/videos/20220608/112117.mp4", 2
"/data/i5O/i5OData/undercover-left/videos/20220517/100809.mp4", 9
"/data/i5O/i5OData/undercover-left/videos/20220517/135758.mp4", 7
"/data/i5O/i5OData/undercover-left/videos/20220517/102323.mp4", 1
"/data/i5O/i5OData/undercover-left/videos/20220517/131656.mp4", 2
"/data/i5O/i5OData/undercover-left/videos/20220517/133706.mp4", 6
"/data/i5O/i5OData/undercover-left/videos/20220517/101235.mp4", 4
"/data/i5O/i5OData/undercover-left/videos/20220517/101445.mp4", 17
"/data/i5O/i5OData/undercover-left/videos/20220517/142716.mp4", 1
"/data/i5O/i5OData/undercover-left/videos/20220517/083619.mp4", 20
"/data/i5O/i5OData/undercover-left/videos/20220517/135649.mp4", 4
"/data/i5O/i5OData/undercover-left/videos/20220517/084046.mp4", 10
"/data/i5O/i5OData/undercover-left/videos/20220517/083509.mp4", 20
"/data/i5O/i5OData/undercover-left/videos/20220517/133240.mp4", 20
"/data/i5O/i5OData/undercover-left/videos/20220517/101552.mp4", 15
"/data/i5O/i5OData/undercover-left/videos/20220517/083936.mp4", 19
"/data/i5O/i5OData/undercover-left/videos/20230410/103805.mp4", 11
"/data/i5O/i5OData/undercover-left/videos/20230410/081102.mp4", 16
"/data/i5O/i5OData/undercover-left/videos/20230410/183619.mp4", 19
"/data/i5O/i5OData/undercover-left/videos/20230410/084303.mp4", 15
"/data/i5O/i5OData/undercover-left/videos/20230410/181318.mp4", 8
"/data/i5O/i5OData/undercover-left/videos/20230321/202738.mp4", 7
"/data/i5O/i5OData/undercover-left/videos/20230321/012431.mp4", 12
"/data/i5O/i5OData/undercover-left/videos/20230321/024131.mp4", 12
"/data/i5O/i5OData/undercover-left/videos/20230321/111635.mp4", 20
"/data/i5O/i5OData/undercover-left/videos/20230321/010230.mp4", 10
"/data/i5O/i5OData/undercover-left/videos/20230321/220840.mp4", 8
"/data/i5O/i5OData/undercover-left/videos/20230321/154937.mp4", 8
"/data/i5O/i5OData/undercover-left/videos/20230321/194938.mp4", 4
"/data/i5O/i5OData/undercover-left/videos/20230323/164910.mp4", 16
"/data/i5O/i5OData/undercover-left/videos/20230323/151509.mp4", 4
"/data/i5O/i5OData/undercover-left/videos/20220606/172001.mp4", 2
"/data/i5O/i5OData/undercover-left/videos/20220606/160251.mp4", 8
"/data/i5O/i5OData/undercover-left/videos/20220606/121840.mp4", 17
"/data/i5O/i5OData/undercover-left/videos/20220606/155711.mp4", 13
"/data/i5O/i5OData/undercover-left/videos/20220606/100544.mp4", 11
"/data/i5O/i5OData/undercover-left/videos/20220606/093514.mp4", 5
"/data/i5O/i5OData/undercover-left/videos/20220606/140839.mp4", 19
"/data/i5O/i5OData/undercover-left/videos/20220606/093829.mp4", 4
"/data/i5O/i5OData/undercover-left/videos/20220606/103632.mp4", 5
"/data/i5O/i5OData/undercover-left/videos/20220606/095101.mp4", 6
"/data/i5O/i5OData/undercover-left/videos/20220606/093157.mp4", 19
"/data/i5O/i5OData/undercover-left/videos/20220513/083811.mp4", 17
"/data/i5O/i5OData/undercover-left/videos/20220513/102730.mp4", 4
"/data/i5O/i5OData/undercover-left/videos/20220513/100847.mp4", 19
"/data/i5O/i5OData/undercover-left/videos/20220513/102312.mp4", 3
"/data/i5O/i5OData/undercover-left/videos/20220513/101641.mp4", 1
"/data/i5O/i5OData/undercover-left/videos/20220513/084019.mp4", 7
"/data/i5O/i5OData/undercover-left/videos/20220513/101957.mp4", 10
"/data/i5O/i5OData/undercover-left/videos/20220513/100951.mp4", 20
"/data/i5O/i5OData/undercover-left/videos/20220513/144148.mp4", 9
"/data/i5O/i5OData/undercover-left/videos/20220513/084126.mp4", 10
"/data/i5O/i5OData/undercover-left/videos/20220513/083706.mp4", 1
"/data/i5O/i5OData/undercover-left/videos/20220513/094457.mp4", 10
"/data/i5O/i5OData/undercover-left/videos/20220513/085023.mp4", 5
"/data/i5O/i5OData/undercover-left/videos/20220513/080526.mp4", 18
"/data/i5O/i5OData/undercover-left/videos/20220513/101535.mp4", 1
"/data/i5O/i5OData/undercover-left/videos/20230324/201801.mp4", 9
"/data/i5O/i5OData/undercover-left/videos/20230324/161357.mp4", 3
"/data/i5O/i5OData/undercover-left/videos/20230324/102130.mp4", 17
"/data/i5O/i5OData/undercover-left/videos/20230324/180059.mp4", 6
"/data/i5O/i5OData/undercover-left/videos/20230324/091629.mp4", 17
"/data/i5O/i5OData/undercover-left/videos/20230324/095730.mp4", 13
"/data/i5O/i5OData/undercover-left/videos/20230324/112131.mp4", 5
"/data/i5O/i5OData/undercover-left/videos/20230324/094129.mp4", 16
"/data/i5O/i5OData/undercover-left/videos/20230324/103931.mp4", 16
"/data/i5O/i5OData/undercover-left/videos/20230324/000519.mp4", 7
"/data/i5O/i5OData/undercover-left/videos/20230324/002719.mp4", 18
"/data/i5O/i5OData/undercover-left/videos/20230324/001919.mp4", 10
"/data/i5O/i5OData/undercover-left/videos/20230324/004019.mp4", 5
"/data/i5O/i5OData/undercover-left/videos/20230324/150656.mp4", 20
"/data/i5O/i5OData/undercover-left/videos/20230324/071727.mp4", 6
"/data/i5O/i5OData/undercover-left/videos/20230324/143355.mp4", 16
"/data/i5O/i5OData/undercover-left/videos/20220412/185439.mp4", 12
"/data/i5O/i5OData/undercover-left/videos/20220412/205041.mp4", 10
"/data/i5O/i5OData/undercover-left/videos/20220412/202236.mp4", 8
"/data/i5O/i5OData/undercover-left/videos/20220412/182732.mp4", 12
"/data/i5O/i5OData/undercover-left/videos/20220412/183055.mp4", 16
"/data/i5O/i5OData/undercover-left/videos/20220412/173202.mp4", 4
"/data/i5O/i5OData/undercover-left/videos/20220412/183310.mp4", 11
"/data/i5O/i5OData/undercover-left/videos/20220412/173634.mp4", 9
"/data/i5O/i5OData/undercover-left/videos/20220412/182625.mp4", 16
"/data/i5O/i5OData/undercover-left/videos/20220412/083101.mp4", 12
"/data/i5O/i5OData/undercover-left/videos/20220412/124634.mp4", 1
"/data/i5O/i5OData/undercover-left/videos/20220412/143108.mp4", 11
"/data/i5O/i5OData/undercover-left/videos/20220412/103914.mp4", 11
"/data/i5O/i5OData/undercover-left/videos/20220412/123737.mp4", 4
"/data/i5O/i5OData/undercover-left/videos/20220412/100440.mp4", 13
"/data/i5O/i5OData/undercover-left/videos/20220412/100333.mp4", 12
"/data/i5O/i5OData/undercover-left/videos/20220412/095438.mp4", 11
"/data/i5O/i5OData/undercover-left/videos/20220412/075309.mp4", 20
"/data/i5O/i5OData/undercover-left/videos/20220412/072410.mp4", 20
"/data/i5O/i5OData/undercover-left/videos/20220412/074307.mp4", 10
"/data/i5O/i5OData/undercover-left/videos/20230320/142126.mp4", 20
"/data/i5O/i5OData/undercover-left/videos/20230320/095725.mp4", 12
"/data/i5O/i5OData/undercover-left/videos/20230320/112225.mp4", 20
"/data/i5O/i5OData/undercover-left/videos/20230320/132226.mp4", 14
"/data/i5O/i5OData/undercover-left/videos/20230320/084523.mp4", 9
"/data/i5O/i5OData/undercover-left/videos/20230320/083023.mp4", 7
"/data/i5O/i5OData/undercover-left/videos/20230320/091724.mp4", 10
"/data/i5O/i5OData/undercover-left/videos/20230320/101025.mp4", 11
"/data/i5O/i5OData/undercover-left/videos/20230320/145026.mp4", 11
"/data/i5O/i5OData/undercover-left/videos/20230320/071122.mp4", 4
"/data/i5O/i5OData/undercover-left/videos/20230320/073522.mp4", 11
"/data/i5O/i5OData/undercover-left/videos/20230320/103325.mp4", 10
"/data/i5O/i5OData/undercover-left/videos/20220926/085050.mp4", 3
"/data/i5O/i5OData/undercover-left/videos/20220926/125034.mp4", 3
"/data/i5O/i5OData/undercover-left/videos/20220926/104343.mp4", 19
"/data/i5O/i5OData/undercover-left/videos/20220926/121642.mp4", 8
"/data/i5O/i5OData/undercover-left/videos/20220926/093307.mp4", 8
"/data/i5O/i5OData/undercover-left/videos/20220926/091533.mp4", 6
"/data/i5O/i5OData/undercover-left/videos/20220926/080701.mp4", 7
"/data/i5O/i5OData/undercover-left/videos/20220926/095625.mp4", 5
"/data/i5O/i5OData/undercover-left/videos/20220926/075906.mp4", 17
"/data/i5O/i5OData/undercover-left/videos/20220926/073644.mp4", 19
"/data/i5O/i5OData/undercover-left/videos/20230315/130924.mp4", 15
"/data/i5O/i5OData/undercover-left/videos/20230315/144925.mp4", 9
"/data/i5O/i5OData/undercover-left/videos/20230315/140624.mp4", 19
"/data/i5O/i5OData/undercover-left/videos/20230315/105223.mp4", 17
"/data/i5O/i5OData/undercover-left/videos/20230315/121524.mp4", 10
"/data/i5O/i5OData/undercover-left/videos/20230315/092922.mp4", 1
"/data/i5O/i5OData/undercover-left/videos/20230315/101523.mp4", 10
"/data/i5O/i5OData/undercover-left/videos/20230315/135624.mp4", 14
"/data/i5O/i5OData/undercover-left/videos/20230315/125024.mp4", 13
"/data/i5O/i5OData/undercover-left/videos/20230315/084522.mp4", 9
"/data/i5O/i5OData/undercover-left/videos/20230315/084922.mp4", 9
"/data/i5O/i5OData/undercover-left/videos/20230315/080021.mp4", 17
"/data/i5O/i5OData/undercover-left/videos/20230316/122435.mp4", 9
"/data/i5O/i5OData/undercover-left/videos/20230316/124635.mp4", 20
"/data/i5O/i5OData/undercover-left/videos/20230316/101934.mp4", 6
"/data/i5O/i5OData/undercover-left/videos/20230316/112134.mp4", 19
"/data/i5O/i5OData/undercover-left/videos/20230316/100334.mp4", 17
"/data/i5O/i5OData/undercover-left/videos/20230316/104334.mp4", 7
"/data/i5O/i5OData/undercover-left/videos/20230316/095234.mp4", 20
"/data/i5O/i5OData/undercover-left/videos/20230316/082734.mp4", 14
"/data/i5O/i5OData/undercover-left/videos/20230316/081034.mp4", 6
"/data/i5O/i5OData/undercover-left/videos/20230316/083434.mp4", 15
"/data/i5O/i5OData/undercover-left/videos/20230316/073033.mp4", 15
"/data/i5O/i5OData/undercover-left/videos/20230316/074033.mp4", 5
"/data/i5O/i5OData/undercover-left/videos/20220418/203132.mp4", 5
"/data/i5O/i5OData/undercover-left/videos/20220418/221518.mp4", 10
"/data/i5O/i5OData/undercover-left/videos/20220418/220624.mp4", 13
"/data/i5O/i5OData/undercover-left/videos/20220418/170936.mp4", 18
"/data/i5O/i5OData/undercover-left/videos/20220418/205609.mp4", 6
"/data/i5O/i5OData/undercover-left/videos/20220418/193620.mp4", 11
"/data/i5O/i5OData/undercover-left/videos/20220418/195643.mp4", 14
"/data/i5O/i5OData/undercover-left/videos/20220418/173909.mp4", 3
"/data/i5O/i5OData/undercover-left/videos/20220418/193147.mp4", 16
"/data/i5O/i5OData/undercover-left/videos/20220418/133709.mp4", 10
"/data/i5O/i5OData/undercover-left/videos/20220418/145727.mp4", 17
"/data/i5O/i5OData/undercover-left/videos/20220418/145834.mp4", 11
"/data/i5O/i5OData/undercover-left/videos/20220418/124705.mp4", 18
"/data/i5O/i5OData/undercover-left/videos/20220418/175032.mp4", 7
"/data/i5O/i5OData/undercover-left/videos/20220418/123558.mp4", 15
"/data/i5O/i5OData/undercover-left/videos/20220418/144511.mp4", 8
"/data/i5O/i5OData/undercover-left/videos/20220418/111444.mp4", 5
"/data/i5O/i5OData/undercover-left/videos/20220418/131026.mp4", 14
"/data/i5O/i5OData/undercover-left/videos/20220418/121809.mp4", 7
"/data/i5O/i5OData/undercover-left/videos/20220418/110336.mp4", 12
"/data/i5O/i5OData/undercover-left/videos/20220418/123918.mp4", 3
"/data/i5O/i5OData/undercover-left/videos/20220418/110016.mp4", 3
"/data/i5O/i5OData/undercover-left/videos/20220418/103227.mp4", 19
"/data/i5O/i5OData/undercover-left/videos/20220418/101546.mp4", 1
"/data/i5O/i5OData/undercover-left/videos/20220418/103334.mp4", 11
"/data/i5O/i5OData/undercover-left/videos/20220418/094757.mp4", 4
"/data/i5O/i5OData/undercover-left/videos/20220418/093755.mp4", 13
"/data/i5O/i5OData/undercover-left/videos/20220418/091647.mp4", 8
"/data/i5O/i5OData/undercover-left/videos/20220418/093328.mp4", 11
"/data/i5O/i5OData/undercover-left/videos/20220418/091220.mp4", 15
"/data/i5O/i5OData/undercover-left/videos/20220418/091754.mp4", 17
"/data/i5O/i5OData/undercover-left/videos/20220418/082643.mp4", 18
"/data/i5O/i5OData/undercover-left/videos/20220418/082536.mp4", 4
"/data/i5O/i5OData/undercover-left/videos/20220418/075854.mp4", 19
"/data/i5O/i5OData/undercover-left/videos/20220418/072959.mp4", 1
"/data/i5O/i5OData/undercover-left/videos/20220418/083537.mp4", 13
"/data/i5O/i5OData/undercover-left/videos/20220418/072532.mp4", 3
"/data/i5O/i5OData/undercover-left/videos/20220915/143048.mp4", 6
"/data/i5O/i5OData/undercover-left/videos/20220915/124334.mp4", 12
"/data/i5O/i5OData/undercover-left/videos/20220915/140157.mp4", 2
"/data/i5O/i5OData/undercover-left/videos/20220915/121901.mp4", 10
"/data/i5O/i5OData/undercover-left/videos/20220915/111512.mp4", 12
"/data/i5O/i5OData/undercover-left/videos/20220915/101530.mp4", 14
"/data/i5O/i5OData/undercover-left/videos/20220915/094705.mp4", 17
"/data/i5O/i5OData/undercover-left/videos/20220915/105107.mp4", 3
"/data/i5O/i5OData/undercover-left/videos/20220915/082939.mp4", 12
"/data/i5O/i5OData/undercover-left/videos/20220915/080512.mp4", 17
"/data/i5O/i5OData/undercover-left/videos/20220718/183618.mp4", 1
"/data/i5O/i5OData/undercover-left/videos/20220718/153059.mp4", 7
"/data/i5O/i5OData/undercover-left/videos/20220718/142908.mp4", 3
"/data/i5O/i5OData/undercover-left/videos/20220718/121546.mp4", 16
"/data/i5O/i5OData/undercover-left/videos/20220718/135120.mp4", 14
"/data/i5O/i5OData/undercover-left/videos/20220718/141944.mp4", 4
"/data/i5O/i5OData/undercover-left/videos/20220718/175832.mp4", 14
"/data/i5O/i5OData/undercover-left/videos/20220718/101341.mp4", 18
"/data/i5O/i5OData/undercover-left/videos/20220718/095740.mp4", 12
"/data/i5O/i5OData/undercover-left/videos/20220718/111422.mp4", 5
"/data/i5O/i5OData/undercover-left/videos/20220718/095036.mp4", 3
"/data/i5O/i5OData/undercover-left/videos/20220919/161937.mp4", 5
"/data/i5O/i5OData/undercover-left/videos/20220919/143452.mp4", 13
"/data/i5O/i5OData/undercover-left/videos/20220919/141536.mp4", 5
"/data/i5O/i5OData/undercover-left/videos/20220919/111028.mp4", 15
"/data/i5O/i5OData/undercover-left/videos/20220919/081800.mp4", 4
"/data/i5O/i5OData/undercover-left/videos/20220919/133520.mp4", 6
"/data/i5O/i5OData/undercover-left/videos/20220919/104110.mp4", 20
"/data/i5O/i5OData/undercover-left/videos/20220919/070539.mp4", 19
"/data/i5O/i5OData/undercover-left/videos/20220919/083608.mp4", 3
"/data/i5O/i5OData/undercover-left/videos/20220919/065618.mp4", 9
"/data/i5O/i5OData/undercover-left/videos/20220919/073928.mp4", 7
"/data/i5O/i5OData/undercover-left/videos/20220901/073832.mp4", 19
"/data/i5O/i5OData/undercover-left/videos/20220901/135359.mp4", 9
"/data/i5O/i5OData/undercover-left/videos/20220901/141729.mp4", 1
"/data/i5O/i5OData/undercover-left/videos/20220901/130950.mp4", 5
"/data/i5O/i5OData/undercover-left/videos/20220901/111752.mp4", 14
"/data/i5O/i5OData/undercover-left/videos/20220901/110843.mp4", 17
"/data/i5O/i5OData/undercover-left/videos/20220901/103018.mp4", 8
"/data/i5O/i5OData/undercover-left/videos/20220901/102007.mp4", 3
"/data/i5O/i5OData/undercover-left/videos/20220901/092120.mp4", 8
"/data/i5O/i5OData/undercover-left/videos/20220901/082520.mp4", 2
"/data/i5O/i5OData/undercover-left/videos/20220901/081031.mp4", 12
"/data/i5O/i5OData/undercover-left/videos/20220908/161424.mp4", 20
"/data/i5O/i5OData/undercover-left/videos/20220908/132032.mp4", 4
"/data/i5O/i5OData/undercover-left/videos/20220908/122756.mp4", 4
"/data/i5O/i5OData/undercover-left/videos/20220908/105224.mp4", 10
"/data/i5O/i5OData/undercover-left/videos/20220908/141250.mp4", 16
"/data/i5O/i5OData/undercover-left/videos/20220908/142657.mp4", 20
"/data/i5O/i5OData/undercover-left/videos/20220908/073213.mp4", 13
"/data/i5O/i5OData/undercover-left/videos/20220908/081443.mp4", 17
"/data/i5O/i5OData/undercover-left/videos/20220908/093531.mp4", 7
"/data/i5O/i5OData/undercover-left/videos/20220908/090618.mp4", 2
"/data/i5O/i5OData/undercover-left/videos/20220908/072007.mp4", 8
"/data/i5O/i5OData/undercover-left/videos/20220923/133034.mp4", 3
"/data/i5O/i5OData/undercover-left/videos/20220923/122917.mp4", 9
"/data/i5O/i5OData/undercover-left/videos/20220923/111747.mp4", 9
"/data/i5O/i5OData/undercover-left/videos/20220923/091426.mp4", 8
"/data/i5O/i5OData/undercover-left/videos/20220923/095046.mp4", 5
"/data/i5O/i5OData/undercover-left/videos/20220923/074705.mp4", 4
"/data/i5O/i5OData/undercover-left/videos/20220923/082557.mp4", 12
"/data/i5O/i5OData/undercover-left/videos/20220923/084056.mp4", 17
"/data/i5O/i5OData/undercover-left/videos/20220923/065306.mp4", 6
"/data/i5O/i5OData/undercover-left/videos/20220923/073140.mp4", 4
"/data/i5O/i5OData/undercover-left/videos/20220825/170705.mp4", 5
"/data/i5O/i5OData/undercover-left/videos/20220825/151431.mp4", 1
"/data/i5O/i5OData/undercover-left/videos/20220825/090636.mp4", 9
"/data/i5O/i5OData/undercover-left/videos/20220825/083742.mp4", 8
"/data/i5O/i5OData/undercover-left/videos/20220825/150031.mp4", 12
"/data/i5O/i5OData/undercover-left/videos/20220825/164943.mp4", 17
"/data/i5O/i5OData/undercover-left/videos/20220825/073822.mp4", 3
"/data/i5O/i5OData/undercover-left/videos/20220825/082245.mp4", 5
"/data/i5O/i5OData/undercover-left/videos/20220825/065619.mp4", 19
"/data/i5O/i5OData/undercover-left/videos/20220825/070744.mp4", 7
"/data/i5O/i5OData/undercover-left/videos/20220825/064956.mp4", 4
"/data/i5O/i5OData/undercover-left/videos/20220825/072725.mp4", 19
"/data/i5O/i5OData/undercover-left/videos/20220822/153456.mp4", 2
"/data/i5O/i5OData/undercover-left/videos/20220822/135113.mp4", 2
"/data/i5O/i5OData/undercover-left/videos/20220822/145948.mp4", 2
"/data/i5O/i5OData/undercover-left/videos/20220822/143613.mp4", 3
"/data/i5O/i5OData/undercover-left/videos/20220822/124235.mp4", 19
"/data/i5O/i5OData/undercover-left/videos/20220822/110511.mp4", 19
"/data/i5O/i5OData/undercover-left/videos/20220822/104853.mp4", 15
"/data/i5O/i5OData/undercover-left/videos/20220822/122500.mp4", 18
"/data/i5O/i5OData/undercover-left/videos/20220822/110135.mp4", 9
"/data/i5O/i5OData/undercover-left/videos/20220822/072255.mp4", 11
"/data/i5O/i5OData/undercover-left/videos/20220822/100823.mp4", 20
"/data/i5O/i5OData/undercover-left/videos/20220822/093643.mp4", 4
"/data/i5O/i5OData/undercover-left/videos/20220822/071549.mp4", 1
"/data/i5O/i5OData/undercover-left/videos/20220905/075128.mp4", 10
"/data/i5O/i5OData/undercover-left/videos/20220905/111403.mp4", 1
"/data/i5O/i5OData/undercover-left/videos/20220905/143313.mp4", 10
"/data/i5O/i5OData/undercover-left/videos/20220905/122355.mp4", 15
"/data/i5O/i5OData/undercover-left/videos/20220905/084930.mp4", 13
"/data/i5O/i5OData/undercover-left/videos/20220905/104432.mp4", 20
"/data/i5O/i5OData/undercover-left/videos/20220905/101327.mp4", 17
"/data/i5O/i5OData/undercover-left/videos/20220905/093957.mp4", 11
"/data/i5O/i5OData/undercover-left/videos/20220905/083238.mp4", 8
"/data/i5O/i5OData/undercover-left/videos/20220905/080928.mp4", 18
"/data/i5O/i5OData/undercover-left/videos/20220905/071735.mp4", 5
"/data/i5O/i5OData/undercover-left/videos/20220804/110712.mp4", 14
"/data/i5O/i5OData/undercover-left/videos/20220804/163459.mp4", 10
"/data/i5O/i5OData/undercover-left/videos/20220804/125327.mp4", 15
"/data/i5O/i5OData/undercover-left/videos/20220804/154932.mp4", 16
"/data/i5O/i5OData/undercover-left/videos/20220804/095239.mp4", 8
"/data/i5O/i5OData/undercover-left/videos/20220804/104101.mp4", 9
"/data/i5O/i5OData/undercover-left/videos/20220804/101504.mp4", 5
"/data/i5O/i5OData/undercover-left/videos/20220804/090916.mp4", 3
"/data/i5O/i5OData/undercover-left/videos/20220804/082900.mp4", 14
"/data/i5O/i5OData/undercover-left/videos/20220804/081541.mp4", 12
"/data/i5O/i5OData/undercover-left/videos/20220804/073039.mp4", 4
"/data/i5O/i5OData/undercover-left/videos/20220804/080114.mp4", 18
"/data/i5O/i5OData/undercover-left/videos/20220809/171733.mp4", 13
"/data/i5O/i5OData/undercover-left/videos/20220809/163301.mp4", 2
"/data/i5O/i5OData/undercover-left/videos/20220809/164605.mp4", 8
"/data/i5O/i5OData/undercover-left/videos/20220809/161336.mp4", 1
"/data/i5O/i5OData/undercover-left/videos/20220809/154802.mp4", 4
"/data/i5O/i5OData/undercover-left/videos/20220809/143040.mp4", 12
"/data/i5O/i5OData/undercover-left/videos/20220809/110410.mp4", 8
"/data/i5O/i5OData/undercover-left/videos/20220809/101051.mp4", 17
"/data/i5O/i5OData/undercover-left/videos/20220809/133551.mp4", 19
"/data/i5O/i5OData/undercover-left/videos/20220809/124717.mp4", 14
"/data/i5O/i5OData/undercover-left/videos/20220809/123257.mp4", 5
"/data/i5O/i5OData/undercover-left/videos/20220809/084242.mp4", 8
"/data/i5O/i5OData/undercover-left/videos/20220704/180735.mp4", 4
"/data/i5O/i5OData/undercover-left/videos/20220704/145515.mp4", 18
"/data/i5O/i5OData/undercover-left/videos/20220704/144820.mp4", 2
"/data/i5O/i5OData/undercover-left/videos/20220704/162752.mp4", 9
"/data/i5O/i5OData/undercover-left/videos/20220704/111436.mp4", 12
"/data/i5O/i5OData/undercover-left/videos/20220704/095105.mp4", 2
"/data/i5O/i5OData/undercover-left/videos/20220704/104238.mp4", 14
"/data/i5O/i5OData/undercover-left/videos/20220704/091232.mp4", 9
"/data/i5O/i5OData/undercover-left/videos/20220704/093859.mp4", 20
"/data/i5O/i5OData/undercover-left/videos/20220704/130049.mp4", 6
"/data/i5O/i5OData/undercover-left/videos/20220704/073756.mp4", 7
"/data/i5O/i5OData/undercover-left/videos/20220704/084232.mp4", 16
"/data/i5O/i5OData/undercover-left/videos/20220712/171922.mp4", 6
"/data/i5O/i5OData/undercover-left/videos/20220712/150630.mp4", 2
"/data/i5O/i5OData/undercover-left/videos/20220712/173108.mp4", 10
"/data/i5O/i5OData/undercover-left/videos/20220712/153812.mp4", 11
"/data/i5O/i5OData/undercover-left/videos/20220712/143335.mp4", 18
"/data/i5O/i5OData/undercover-left/videos/20220712/105827.mp4", 16
"/data/i5O/i5OData/undercover-left/videos/20220712/141810.mp4", 12
"/data/i5O/i5OData/undercover-left/videos/20220712/105157.mp4", 19
"/data/i5O/i5OData/undercover-left/videos/20220712/122550.mp4", 17
"/data/i5O/i5OData/undercover-left/videos/20220712/093439.mp4", 9
"/data/i5O/i5OData/undercover-left/videos/20220712/092632.mp4", 2
"/data/i5O/i5OData/undercover-left/videos/20220712/092430.mp4", 16
"/data/i5O/i5OData/undercover-left/videos/20220712/083824.mp4", 18
